SRR_accession	QC_summary	SRX_accession	SRS_accession	SRP_accession	GSE_accession	Sample_name	Library_name	SampleName	ReleaseDate	LoadDate	spots	bases	spots_with_mates	avgLength	size_MB	AssemblyName	download_path	LibraryName	LibraryStrategy	LibrarySelection	LibrarySource	LibraryLayout	InsertSize	InsertDev	Platform	Model	SRAStudy	BioProject	Study_Pubmed_id	ProjectID	Sample	BioSample	SampleType	TaxID	ScientificName	g1k_pop_code	source	g1k_analysis_group	Subject_ID	Sex	Disease	Tumor	Affection_Status	Analyte_Type	Histological_Type	Body_Site	CenterName	Submission	dbgap_study_accession	Consent	RunHash	ReadHash
SRR363796	FAIL(2,3,4,6,7)	SRX105188	SRS270025	SRP009256	GSM829554	GSE33543	GSM829554: 4SU_GLD1_PARCLIP_1	GSM829554	2011-12-09 10:17:15	2012-01-21 14:38:58	 33646400	  1211270400	        0	  36	  791		https://sra-downloadb.be-md.ncbi.nlm.nih.gov/sos1/sra-pub-run-5/SRR363796/SRR363796.3	GSM829554: 4SU_GLD1_PARCLIP_1	RNA-Seq	cDNA	TRANSCRIPTOMIC	SINGLE	  0	  0	ILLUMINA	Illumina Genome Analyzer II	SRP009256	PRJNA154339	 2	154339	SRS270025	SAMN00752408	simple	6239	Caenorhabditis elegans	NA	NA	NA	NA		NA	no	NA	NA	NA	NA	GEO	SRA047973	NA	public	60C8B3E11874B9508338E5314B9A2C55	5C718DC8D4CAFF6706BE5D69F673C669
SRR363797	FAIL(3,4,6,7)	SRX105189	SRS270026	SRP009256	GSM829555	GSE33543	GSM829555: 4SU_GLD1_PARCLIP_2	GSM829555	2011-12-09 10:17:15	2012-01-21 14:38:57	 33696385	  1213069860	        0	  36	  789		https://sra-downloadb.be-md.ncbi.nlm.nih.gov/sos1/sra-pub-run-5/SRR363797/SRR363797.3	GSM829555: 4SU_GLD1_PARCLIP_2	RNA-Seq	cDNA	TRANSCRIPTOMIC	SINGLE	  0	  0	ILLUMINA	Illumina Genome Analyzer II	SRP009256	PRJNA154339	 2	154339	SRS270026	SAMN00752409	simple	6239	Caenorhabditis elegans	NA	NA	NA	NA		NA	no	NA	NA	NA	NA	GEO	SRA047973	NA	public	434560D739FCEFB5C1748D64DC98B33E	857C2ECE9A325D6448AD235F35FB571C
SRR363798	FAIL(2,3,4,6,7)	SRX105190	SRS270027	SRP009256	GSM829556	GSE33543	GSM829556: 4SU_GLD1_PARCLIP_3	GSM829556	2011-12-09 10:17:15	2012-01-21 14:38:54	 34800513	  1252818468	        0	  36	  826		https://sra-downloadb.be-md.ncbi.nlm.nih.gov/sos2/sra-pub-run-7/SRR363798/SRR363798.3	GSM829556: 4SU_GLD1_PARCLIP_3	RNA-Seq	cDNA	TRANSCRIPTOMIC	SINGLE	  0	  0	ILLUMINA	Illumina Genome Analyzer II	SRP009256	PRJNA154339	 2	154339	SRS270027	SAMN00752410	simple	6239	Caenorhabditis elegans	NA	NA	NA	NA		NA	no	NA	NA	NA	NA	GEO	SRA047973	NA	public	B007E089471B1BAC5B1980A77832C704	6C62BEABCB2F35BF06862BDA9C2D6D09
SRR363799	FAIL(3,4,6,7)	SRX105191	SRS270028	SRP009256	GSM829557	GSE33543	GSM829557: 6SG_GLD1_PARCLIP_1	GSM829557	2011-12-09 10:17:15	2012-01-21 14:39:06	 34977793	  1259200548	        0	  36	  821		https://sra-downloadb.be-md.ncbi.nlm.nih.gov/sos2/sra-pub-run-7/SRR363799/SRR363799.3	GSM829557: 6SG_GLD1_PARCLIP_1	RNA-Seq	cDNA	TRANSCRIPTOMIC	SINGLE	  0	  0	ILLUMINA	Illumina Genome Analyzer II	SRP009256	PRJNA154339	 2	154339	SRS270028	SAMN00752411	simple	6239	Caenorhabditis elegans	NA	NA	NA	NA		NA	no	NA	NA	NA	NA	GEO	SRA047973	NA	public	C479ABAD73CC0EF5DA485F6B0DEC6FE6	9B8FCC9D5D5E08BEED1619E6C1B84B33
