SRR_accession	QC_summary	SRX_accession	SRS_accession	SRP_accession	GSE_accession	Sample_name	Library_name
SRR363796	FAIL(2,3,4,6,7)	SRX105188	SRS270025	SRP009256	GSM829554	GSE33543	GSM829554: 4SU_GLD1_PARCLIP_1
SRR363797	FAIL(3,4,6,7)	SRX105189	SRS270026	SRP009256	GSM829555	GSE33543	GSM829555: 4SU_GLD1_PARCLIP_2
SRR363798	FAIL(2,3,4,6,7)	SRX105190	SRS270027	SRP009256	GSM829556	GSE33543	GSM829556: 4SU_GLD1_PARCLIP_3
SRR363799	FAIL(3,4,6,7)	SRX105191	SRS270028	SRP009256	GSM829557	GSE33543	GSM829557: 6SG_GLD1_PARCLIP_1
