SeqMetric2	SRR363796	SRR363797	SRR363798	SRR363799
SequenceFormat	SE	SE	SE	SE
QualityEncoding	Sanger/Illumina1.9	Sanger/Illumina1.9	Sanger/Illumina1.9	Sanger/Illumina1.9
Read1MinimumLength	36	36	36	36
Read1MedianLength	36	36	36	36
Read1MaxLength	36	36	36	36
Read2MinimumLength	NULL	NULL	NULL	NULL
Read2MedianLength	NULL	NULL	NULL	NULL
Read2MaxLength	NULL	NULL	NULL	NULL
NumReadsTotal	33646400	33696385	34800513	34977793
NumReadsQcPass	19236663	22245108	20164810	23996199
QcPassRate	57.173%	66.0163%	57.944%	68.6041%
PE_Read1_StarMapRateTest	18	16	20	25
PE_Read2_StarMapRateTest	96	96	70	72
PE_Read1_Excluded	FALSE	FALSE	FALSE	FALSE
PE_Read2_Excluded	FALSE	FALSE	FALSE	FALSE
MappingFormat	SE	SE	SE	SE
STAR_UniqMappedReads	3377708	3482747	3868263	5984497
STAR_Strandedness	Unstranded	Unstranded	Unstranded	Unstranded
STAR_UnmappedReads	9477133	11949551	9874800	11042812
STAR_MultiMappedReads	6381822	6812810	6421747	6968890
STAR_NoFeatureReads	970579	953077	928573	880228
STAR_AmbiguousReads	192164	229271	232986	381681
STAR_AssignedReads	2214965	2300399	2706704	4722588
STAR_UniqMapRate	17.5587%	15.6562%	19.1832%	24.9394%
STAR_AssignRate	11.5143%	10.3411%	13.4229%	19.6806%
Kallisto_Kmer	19	19	19	19
Kallisto_MappedReads	270084	256741	380301	548480
Kallisto_MapRate	1.40401%	1.15415%	1.88596%	2.2857%
DatasetCorrel	0.66	0.63	0.29	0.65
QC_SUMMARY	FAIL(2,3,4,6,7)	FAIL(3,4,6,7)	FAIL(2,3,4,6,7)	FAIL(3,4,6,7)
